<?xml version='1.0' encoding="utf-8"?>

<toc version="2.0">    
		<tocitem target="docMQTT.html">MQTT
			<tocitem target="docsecurity.html">security</tocitem>        
            <tocitem target="docpublish.html">publish</tocitem>
			<tocitem target="docsubscribe.html">subscribe</tocitem>
            <tocitem target="docread.html">read</tocitem>
			<tocitem target="docreadall.html">readall</tocitem>            
			<tocitem target="docunsubscribe.html">unsubscribe</tocitem>
			<tocitem target="docunsubscribeAll.html">unsubscribeall</tocitem>
		</tocitem>			    
</toc>