<productinfo xmlns:xsi="http://www.w3.org/2001/XMLSchema-instance" 
    xsi:noNamespaceSchemaLocation="optional">
    <?xml-stylesheet type="text/xsl"href="optional"?>
    <!-- info.xml file for the MQTT toolbox -->
    <!-- Version 1.1 -->
    <!-- Copyright 2017-2019 MathWorks, Inc.-->
    
    <!-- Supply the following six elements in the order specified -->
    <!-- (Required) element; matlabrelease content is not currently used -->
    <matlabrelease>R2017a</matlabrelease>
    <!-- (Required) The name element appears in the Contents pane -->
    <name>MQTT</name>
    <!-- (Required) The type elementidentifies your package; pick one: -->
    <!-- matlab, toolbox, simulink, blockset, links_targets  -->
    <type>matlab</type>
    <!-- (Not used) Icon fiel to display in the Start button. Element is -->
    <!-- required to parse the file -->
    <icon></icon>
    <!-- (Required if you supply help) relative path to help (HTML) folder -->
    <help_location>html</help_location>
    <!-- (Required if you supply help) icon used in the Help browser TOC -->
    <!-- Ignored in R2015a and later -->
    <help_contents_icon></help_contents_icon>
</productinfo>